{"model": "Snowflake/snowflake-arctic-embed-l-v2.0", "sil_scores": [[0.03836989775300026, 0.02708781324326992, 0.01675555109977722, 0.01723046787083149, 0.02278761751949787, 0.031332287937402725], [0.10139719396829605, 0.06148500740528107, 0.06691684573888779, 0.05262932926416397, 0.07988520711660385, 0.06304436922073364], [0.020319359377026558, 0.02328554540872574, 0.03193005174398422, 0.03177983686327934, 0.03983975946903229, 0.043523792177438736], [0.11449464410543442, 0.11746843159198761, 0.08039364963769913, 0.08286861330270767, 0.08609151095151901, 0.08124127238988876], [0.10004095733165741, 0.08764643967151642, 0.0952189490199089, 0.09539151936769485, 0.10826104879379272, 0.06725979596376419], [0.0842113271355629, 0.06477414816617966, 0.08115243911743164, 0.0952160581946373, 0.10493040829896927, 0.051759153604507446], [0.04520172253251076, 0.039004430174827576, 0.02683379501104355, 0.034035004675388336, 0.035253241658210754, 0.033036354929208755]], "mean_sils": [0.02559393923729658, 0.0708929921189944, 0.031779724173247814, 0.09375968699653943, 0.09230311835805576, 0.0803405890862147, 0.035560758163531624], "time": 609.8287947177887}