{"accompagner": 0.0007919273868703233, "accueil": 0.0005433075751552313, "acc\u00e8s": 5.305903559507094e-05, "acteur": 0.0, "action": 0.0009246547676282238, "activit\u00e9": 0.0006900712044169606, "afin": 0.0011774453543018472, "agir": 0.0002714030679467001, "aide": 0.0014475110734411727, "ainsi": 0.005233747704496933, "air": 0.0005102925283795229, "aller": 7.800554026349819e-05, "am\u00e9nagement": 0.000358771342332918, "an": 0.0077448891963384815, "ann\u00e9e": 0.008512846029344793, "apr\u00e8s": 0.0009251980478526351, "association": 5.213349405864285e-05, "assurer": 0.0023819312028165503, "atelier": 0.00010654569471979173, "aussi": 0.00034677244512609074, "autre": 0.007232790324743145, "avoir": 0.10385033696711389, "besoin": 5.8777805079775256e-05, "bien": 0.00013064677367273568, "biodiversit\u00e9": 3.565178738768234e-05, "bon": 0.0001594459471174226, "b\u00e2timent": 0.009322893309987094, "cadre": 0.0010248607636255738, "celui": 0.00047194132063049955, "centre": 0.00033173474931036173, "certain": 0.00010323803958555405, "chaleur": 0.011445910996640295, "changement": 4.124018260969235e-05, "chaque": 0.0002064065900181104, "climatique": 0.0, "collectif": 0.0, "collectivit\u00e9": 0.0006396816277170879, "comme": 0.0014352037517138734, "commun": 0.00021475000279639174, "communaut\u00e9": 0.0004869149283343813, "commune": 0.018839772795553825, "compte": 0.0012790578397049665, "concerner": 0.0016665110108086462, "conseil": 0.010025378630109378, "consommation": 0.0005924194877924812, "construction": 0.0010512363134595173, "contre": 0.0003353023747650807, "cours": 0.00047455243853557324, "cr\u00e9ation": 0.0026273954513371793, "cr\u00e9er": 0.0, "depuis": 0.014689954368677559, "dernier": 0.000343743894179665, "deux": 0.0055833918500473615, "devoir": 0.009431523382920253, "diff\u00e9rent": 0.0002561524592330797, "dispositif": 0.00012614748109972347, "donc": 0.00018414269188060203, "dont": 0.00033142496769160456, "durable": 0.0002168977445044383, "d\u00e9cembre": 0.00020903687480703322, "d\u00e9chet": 0.00012801928368735748, "d\u00e9marche": 2.8756478756311315e-05, "d\u00e9partement": 0.0001567753564184182, "d\u00e9veloppement": 0.004029367814950484, "d\u00e9velopper": 0.00016171146563525126, "e": 0.0020579076473495176, "eau": 0.003950253039100271, "effet": 0.0004284585264804891, "emploi": 0.0001208961829133959, "encore": 0.0001356486909232518, "enfant": 0.00018604827760548978, "engager": 0.00011341330181501956, "enjeu": 0.00012263799348766143, "ensemble": 0.0, "entreprise": 0.002188467455091681, "entrer": 0.023417667636471285, "environnement": 0.004633253496856917, "environnemental": 0.0001536672309408269, "espace": 0.002131826328438556, "faire": 0.033018437363778616, "favoriser": 0.0, "fin": 0.0006302950644468203, "fort": 0.0, "france": 0.0007741605428398648, "gestion": 0.00023006270685100216, "grand": 0.010803117874267257, "groupe": 0.000216159749082672, "habitant": 0.00013969060890305998, "habitat": 0.0008185057905857464, "heure": 0.0007091854531307571, "i": 0.0009509730636793665, "important": 3.7508144286192946e-05, "information": 0.002152027704236876, "installation": 0.0009314552621688697, "janvier": 0.0009493397915341728, "jeune": 0.00018197362163200034, "jour": 0.0028476668406538963, "juin": 0.00049746686810842, "lieu": 0.0014828817093785163, "local": 0.01937057418974151, "logement": 0.001964122084730357, "lors": 0.00045420183119089345, "mai": 0.00037567881701407304, "maire": 0.003265744085614606, "mairie": 0.004056278714190157, "maison": 0.00010310570555235143, "mars": 0.0, "mati\u00e8re": 0.000712869318196328, "mettre": 0.018130359824068795, "mise": 0.006331272498876488, "mobilit\u00e9": 2.9252709399753666e-05, "moins": 0.0003276200012532688, "mois": 0.0001794781484820242, "municipal": 0.002631743150798609, "m\u00e9tropole": 6.981253794366131e-05, "national": 0.0004274360594309364, "naturel": 0.0004753925578335543, "niveau": 5.7846857251876576e-05, "nombre": 0.0, "nombreux": 0.00010434394445009897, "non": 0.0005847162782991637, "notamment": 0.006169279773408822, "nouveau": 0.01829847301936583, "o": 0.00028061888142094654, "objectif": 0.0006076223393449336, "offrir": 0.0, "op\u00e9ration": 2.6337807464299714e-05, "organiser": 9.22530627568485e-05, "parc": 0.0, "pari": 0.0007663496322067849, "permettre": 0.03056742118149118, "personne": 0.00016802530444918418, "petit": 6.86411511711093e-05, "place": 0.019532119242793567, "plan": 0.0009306117568870807, "plus": 0.028774448237309364, "plusieurs": 9.330308995301032e-05, "point": 0.0004068832485257374, "politique": 0.0009212669417483484, "pouvoir": 0.0301905187242098, "premier": 0.0002194333453101249, "prendre": 0.006727551342908034, "production": 0.0012421196415919914, "programme": 0.0, "projet": 0.06221402179810048, "proposer": 0.00014752517894697518, "public": 0.05264941130779891, "qualit\u00e9": 0.00011979481323155344, "quartier": 0.0008882719258138982, "rapport": 0.00020422566153288524, "renouvelable": 0.004160890299253046, "ressource": 0.00012336095071190562, "rue": 0.0022510724975544406, "r\u00e9aliser": 0.008026978079636996, "r\u00e9gion": 0.0006073113729364421, "r\u00e9gional": 0.0006620132977987889, "r\u00e9novation": 0.0, "r\u00e9pondre": 4.382067395079467e-05, "r\u00e9seau": 0.014257535361202792, "salle": 0.0017492860145564132, "samedi": 0.0, "sans": 0.0007825701727065777, "sant\u00e9": 0.00020374525056024635, "scolaire": 0.0007635557540676091, "secteur": 0.0003463586390878471, "septembre": 0.0003995435389258198, "service": 0.02163845686223391, "si": 0.00014455546786023676, "site": 0.003541199550251535, "social": 0.0007924439287917351, "souhaiter": 3.270893213775846e-05, "technique": 0.0005577965354629514, "temps": 5.7564810115364914e-05, "territoire": 0.01790175665080316, "territorial": 0.0001542174216344915, "tout": 0.06975711801243131, "transition": 0.0, "transport": 0.0, "travail": 0.059795805263159814, "tr\u00e8s": 0.0, "urbain": 0.0003045438389057423, "venir": 0.0001258589311420689, "vers": 0.00023827208751581275, "vert": 0.000306264222264496, "vie": 0.000880683443989162, "ville": 0.004744495813210684, "voir": 0.0004603792798947605, "zone": 0.0029256742959336522, "\u00e9cole": 0.0008379593762912728, "\u00e9cologique": 0.0002405408468429987, "\u00e9conomie": 0.0, "\u00e9conomique": 0.0006397074552634636, "\u00e9galement": 0.00022430053717559698, "\u00e9nergie": 0.024121840357660768, "\u00e9nerg\u00e9tique": 0.004093787223489146, "\u00e9quipement": 0.0002483408243590491, "\u00e9tat": 0.00012425746848406712, "\u00e9tude": 0.0032044288735080684, "\u00eatre": 0.08618411748246274, "\u0153uvre": 0.0002618395969510445}