{"dlao.plu": {"doc_type": "dlao.plu", "sil_score": 0.32351110491285445, "cal_score": 357.0008409441094, "distorsion": 1.5196180744550802}, "rapport": {}, "comm.demarches": {}, "acte.raa": {"doc_type": "acte.raa", "sil_score": 0.13501885967337887, "cal_score": 5.054403733331831, "distorsion": 1.3799085672647355}, "mp.reglement": {}, "NaN": {}, "mp.annonce": {}, "bdj": {"doc_type": "bdj", "sil_score": 0.32712549508044403, "cal_score": 53.20605621178009, "distorsion": 1.4841933607476503}, "acte.arrete": {"doc_type": "acte.arrete", "sil_score": 0.0789437200996133, "cal_score": 34.79472220812969, "distorsion": 1.4006326390045236}, "bdj.annexes": {}, "comm": {"doc_type": "comm", "sil_score": 0.3038847676321903, "cal_score": 519.375000601626, "distorsion": 1.6096543915723978}, "pv.full": {"doc_type": "pv.full", "sil_score": 0.4351049174110492, "cal_score": 103.7231743000367, "distorsion": 1.2677561719573915}, "acte.delib": {"doc_type": "acte.delib", "sil_score": 0.22373423353989313, "cal_score": 184.03849319497073, "distorsion": 1.3955584703006563}, "pv.cr": {"doc_type": "pv.cr", "sil_score": 0.1621276579648305, "cal_score": 289.8651979516811, "distorsion": 1.3610156708283554}, "other": {"doc_type": "other", "sil_score": 0.3234814984778141, "cal_score": 93.64068635113588, "distorsion": 1.5123544180646562}, "dlao.autres": {"doc_type": "dlao.autres", "sil_score": 0.07132706068375423, "cal_score": 13.497418342806151, "distorsion": 1.5115548395402851}}